Board Type,Board Instance,Component,Trial,a_rise,b_rise,c_rise,a_fall,b_fall,c_fall
baseline,A,samd,0,4.722509543629756,0.019884391888728894,5.304560690657905,-4.455324527139752,0.018811452168771944,-0.11853114157909253
baseline,A,atmega,0,4.867748892354461,0.021135387914394985,6.730564132138499,-4.632952301447905,0.020842129310669075,0.0911988732657943
baseline,A,3v3reg,0,4.88728019643065,0.02099614435200946,6.213387419542597,-4.540999883219312,0.020071199472685732,-0.039369888997365175
baseline,A,buck,0,4.718057429558517,0.020878342676682496,5.714700476883992,-4.450682886780598,0.020777358624620705,0.10827460560429901
baseline,A,usbesd,0,3.716658343373431,0.015710767526519738,4.083779643959917,-3.4634495934415437,0.016322869852322782,0.09719814101472257
baseline,A,fullboard,0,3.747140600221925,0.016770035647916175,3.896368788497918,-3.500585383979281,0.01672936741642782,0.029427415291822977
baseline,A,samd,1,4.833763337464457,0.01840937609124085,5.584412479515938,-4.349489029729311,0.018890713294786192,0.3245307463123801
baseline,A,atmega,1,4.996508844816117,0.020554998655553006,6.808079829081676,-4.565114106330998,0.0192240068705455,0.284708002624784
baseline,A,3v3reg,1,5.003475114202018,0.019327629941980087,6.54529416090657,-4.5405366155327425,0.01920287162486921,0.32216979601985
baseline,A,buck,1,4.87602608927106,0.019739888629193337,5.88156702015682,-4.3728194652454375,0.01918415232510723,0.3334450946367529
baseline,A,usbesd,1,3.9350574668943232,0.014188009848970456,4.2240049127316235,-3.4960883451626676,0.014246479307185193,0.1373714372912578
baseline,A,fullboard,1,3.8519843390222372,0.016373862229633645,4.014269202304819,-3.4506578453677363,0.014954376662695917,0.21180604825558588
baseline,A,samd,2,4.719357045196318,0.018874263091836114,5.16591710552342,-4.450174640085089,0.018532210660027984,-0.14006611033380723
baseline,A,atmega,2,4.846742219212205,0.021753658130513588,6.487127477126904,-4.604987503902872,0.0198734658977369,0.02976882211138467
baseline,A,3v3reg,2,4.92197237766276,0.020225748349915203,6.16667272535057,-4.591179344264654,0.019816447170200147,-0.06938080108895112
baseline,A,buck,2,4.760461586487451,0.01953953739065469,5.600765703000273,-4.455259040863316,0.01959225305729917,-0.02660661657399285
baseline,A,usbesd,2,3.789783211657918,0.015208302272002455,3.8997772481526294,-3.587287831512067,0.01451186501149195,-0.18155749597793452
baseline,A,fullboard,2,3.668912742446233,0.016586658602677055,3.667016936425073,-3.5279888652025195,0.01598804831552612,-0.10728806204547488
baseline,A,samd,3,4.796182487285276,0.016868866289173418,5.631047477516351,-4.520971784725536,0.01761319864888334,0.18395381304164019
baseline,A,atmega,3,4.89703563901067,0.018390765421384275,6.886587344997881,-4.694491512737675,0.018901361434356587,0.2519873381124453
baseline,A,3v3reg,3,4.931812862372816,0.01787216115868504,6.554863466319832,-4.611734837814984,0.018377788035415437,0.288915302010761
baseline,A,buck,3,4.79362101145169,0.018057924166167152,5.9227941562044855,-4.557705681835493,0.018372939537963068,0.20100374481020955
baseline,A,usbesd,3,3.9021101542916123,0.012917630309234783,4.057354343407509,-3.2095635300284235,0.01884031142874885,0.3595348930729741
baseline,A,fullboard,3,3.838987177288433,0.014607801559312497,4.079739516587416,-3.6309257493898914,0.015609793608451663,0.13907549899415347
baseline,A,samd,4,4.469482264544159,0.019269204010386988,5.375661909414128,-4.114386564397476,0.02032609325809824,0.22957850261234697
baseline,A,atmega,4,4.724279027749928,0.02187202705209361,6.494298806883082,-4.396148582308505,0.02239921268737242,0.1723093261438594
baseline,A,3v3reg,4,4.686272605257809,0.021020336034868203,6.185716862201243,-4.2099382005011465,0.021630195177634925,0.3143231157874286
baseline,A,buck,4,4.501606235736358,0.020410360824953514,5.585773080486249,-4.093918277371504,0.021971061114644315,0.24143163110568053
baseline,A,usbesd,4,3.531168986496225,0.015168906581487339,3.720180045187242,-3.060644765967024,0.015947576527556868,0.010776766919509826
baseline,A,fullboard,4,3.4803720598127983,0.016743440397603903,3.7248409090764207,-3.2203311968237998,0.01700697900353407,0.1214409936997022
baseline,B,samd,0,4.369677302347711,0.019396692090167787,4.731687451410764,-3.605146834944991,0.025340278915551507,0.257182249024635
baseline,B,atmega,0,4.693477554022963,0.023003542950038747,6.416590455898293,-4.58628988208407,0.020541855420094412,-0.038420645286342786
baseline,B,3v3reg,0,4.589031338460324,0.02227332503649025,6.103247702371891,-4.501024595881476,0.020479925695644458,0.007456072417878974
baseline,B,buck,0,4.504363131226222,0.02120060647478364,5.50970027470186,-4.4445696574072,0.020565580232171175,-0.04751327125661893
baseline,B,usbesd,0,3.438989742774662,0.015969099292868657,3.825571204274095,-3.483430043043357,0.0159574167510875,-0.1533059059627847
baseline,B,fullboard,0,3.50733017064777,0.017775774398586356,3.683424488792373,-3.531021472236471,0.016957622740316477,-0.09987575848818046
baseline,B,samd,1,4.4845141257092305,0.01625042890505426,4.831433333312221,-3.64189008460569,0.023166620366360764,0.21500629610337557
baseline,B,atmega,1,4.878942084305906,0.018787281549210923,6.718317752091544,-4.77520225484594,0.020289016132467544,0.08218125601060886
baseline,B,3v3reg,1,4.797205619713663,0.01907151573554388,6.380177901521507,-4.695017021919104,0.018794516369958974,0.054326811383675
baseline,B,buck,1,4.682452946490826,0.018990874521278372,5.808366271036623,-4.587400651407899,0.019326183367321344,0.07422441171432735
baseline,B,usbesd,1,3.7702078716697804,0.013513703878902905,4.212105426594774,-3.592421474304068,0.01466960926386014,0.009930233190509844
baseline,B,fullboard,1,3.7759018491090166,0.015166754846814613,3.99956647175771,-3.684081138603768,0.015693162837991877,-0.014502499505243753
baseline,B,samd,2,4.632858013361047,0.0195542266925832,5.364024916971727,-4.370729424467312,0.019807322935421045,0.19189950253397955
baseline,B,atmega,2,4.843478319990875,0.02083791477507177,6.527077790341684,-4.473144336335177,0.022500068819893464,0.26915814342387717
baseline,B,3v3reg,2,4.769585622016392,0.020513667185246,6.35756008788701,-4.4516837868612305,0.020728360734151966,0.2740745801026393
baseline,B,buck,2,4.659022974549993,0.01994171190577021,5.741550938968152,-4.386118194178496,0.020774454562684157,0.2438777103793027
baseline,B,usbesd,2,3.6495599339118097,0.014822524114672699,4.057762619992292,-3.3766992353189473,0.016887118180480575,0.2109922834848594
baseline,B,fullboard,2,3.700644073616672,0.01690532230828944,3.900377374343671,-3.4972097118218572,0.01723375492468024,0.15809237555701472
baseline,B,samd,3,4.4648496886424,0.01848583005929738,4.530158602122545,-3.676901739708528,0.025484883779075373,-0.007339528872495816
baseline,B,atmega,3,4.906656179091976,0.02097430355811471,6.564294173597186,-4.557943060828865,0.01972540002366842,0.10095828246517881
baseline,B,3v3reg,3,4.7838021806753614,0.021425606018018514,6.2235491822929205,-4.352406450583137,0.018674012879980932,0.09742149798755537
baseline,B,buck,3,4.661759336992852,0.02078939543909222,5.59278295476108,-4.218417147751845,0.02045341648571747,0.1832130402722118
baseline,B,usbesd,3,3.297603793329408,0.014435261386179888,3.336677241542452,-2.770714468339475,0.015012796709682244,-0.12446654181612075
baseline,B,fullboard,3,3.7134750762443374,0.017227785080918538,3.804256111422411,-3.481105049406457,0.01570413329203309,0.006027452894158473
baseline,B,samd,4,4.124178505767605,0.01758422431185185,4.46806718518422,-3.517439493938795,0.0264787892818399,0.15069253008814382
baseline,B,atmega,4,4.696044219916262,0.021646750892045288,6.371782618951676,-4.393793126050992,0.02296717689900202,0.1915062959659815
baseline,B,3v3reg,4,4.52308464119285,0.020658003783062737,5.991071509002368,-4.341191901499924,0.020704921769023978,0.1560435593723188
baseline,B,buck,4,4.402493872642177,0.020357303604634308,5.365694499703284,-4.146178991836403,0.020837582616268516,0.10711400624139097
baseline,B,usbesd,4,2.276972200837035,0.012187598534033414,2.473475808311839,-2.1169871709036854,0.017432082327410694,-0.04176041367568595
baseline,B,fullboard,4,3.3518278670693986,0.01668957585372162,3.5727060554987804,-3.2843230690606173,0.017343552444011465,0.048704561774165746
baseline,C,samd,0,4.41068453002285,0.01860792968824014,5.222052157106578,-4.604957634890087,0.01712259340201462,-0.420231066948803
baseline,C,atmega,0,4.770557566107065,0.020905866287543613,6.2086410779333425,-4.50704222311202,0.021553518075924153,-0.24530443928404128
baseline,C,3v3reg,0,4.598761700913271,0.02006926472166383,6.168715600757058,-4.609240324301299,0.018201394306051128,-0.31269847009475293
baseline,C,buck,0,4.469323447063615,0.020011658883805964,5.560519932040675,-4.591148321627738,0.017905919388053276,-0.3827387169281287
baseline,C,usbesd,0,3.3812332248030335,0.014113113787164164,3.42273942049064,-2.9440487316659367,0.01598545806789401,-0.24974122016109138
baseline,C,fullboard,0,3.524306347637913,0.015798732693216258,3.6720448127927283,-3.743134309195317,0.01451444217980004,-0.4629505353270407
baseline,C,samd,1,4.788470513110871,0.01857712277424915,5.676772881910977,-4.538125467713764,0.02015750626219781,0.25788816768919576
baseline,C,atmega,1,5.126961412606794,0.020707847969130718,6.532843299256605,-4.583711704687474,0.0250965997868049,0.21454387393977356
baseline,C,3v3reg,1,4.91832256046745,0.01995074993299526,6.524121708814679,-4.589524047323665,0.022125006512953564,0.31859653777167585
baseline,C,buck,1,4.797970161849165,0.020140547403122214,5.926773215318135,-4.632077826372659,0.021181250868546348,0.23359136480505785
baseline,C,usbesd,1,3.5385231029088042,0.013249090406348455,3.6636352053766483,-2.9415893400441364,0.02131679912646366,0.18418240941622183
baseline,C,fullboard,1,3.806475199969202,0.01674360056123525,4.029789892576787,-3.6034880645212275,0.01781271752641918,0.1612397015123417
baseline,C,samd,2,4.764750924891714,0.01717679943828788,5.649892629018303,-4.625417265183596,0.017872206269604417,0.0486210423887021
baseline,C,atmega,2,5.068974242735013,0.018482511280604522,6.6416314025428544,-4.544915384129277,0.022864196669452098,0.22341041261148878
baseline,C,3v3reg,2,4.831764013299093,0.01791449516352889,6.488146228130432,-4.726735826077182,0.01913306952496154,0.02085744117394341
baseline,C,buck,2,4.691648174790589,0.018507898315945275,5.93656530212974,-4.615260823717872,0.018492514762573894,0.10675994426424497
baseline,C,usbesd,2,3.5425963238876803,0.012211550557356095,3.664066577666271,-3.003822028545512,0.01779741164044791,0.015894856063281854
baseline,C,fullboard,2,3.8151104559063262,0.014971851106531243,4.08112131306544,-3.7451104564267275,0.015091742176763017,-0.02931041899487211
baseline,C,samd,3,4.896619265560399,0.016669815383587205,5.7693364399819185,-4.578353894252608,0.01741644899904276,0.05406374357684631
baseline,C,atmega,3,5.095213294590495,0.018427786004813783,6.612018597561037,-4.411446678487455,0.022763676270474154,0.1720158454219089
baseline,C,3v3reg,3,4.970530435844332,0.0184765764284458,6.628674431213697,-4.658465532570181,0.018602527413219917,0.10641806294383158
baseline,C,buck,3,4.815618793743269,0.01827036154695924,5.97823797768933,-4.5703604274047915,0.018388480786386916,0.07200013465148235
baseline,C,usbesd,3,3.8378880566773956,0.013081487903118165,4.271546987816621,-3.556505651205384,0.014341420455310661,0.01990984447107236
baseline,C,fullboard,3,3.8933504503067935,0.01479670655804558,4.125132982017038,-3.67676196028601,0.015231365001272396,-0.002443884960797982
baseline,C,samd,4,4.148483632320419,0.0200015364717127,4.977514347693912,-4.28166399544174,0.021184480936078193,-0.0890903436082196
baseline,C,atmega,4,4.624796485280163,0.023152072554475964,6.0262845067151325,-4.386702338250904,0.027070531618692235,0.026618242131105793
baseline,C,3v3reg,4,4.275351052983444,0.022164103983749614,5.718566802244099,-4.367257065634408,0.022441117647554916,-0.07072885969559223
baseline,C,buck,4,4.218103173243915,0.02198868779331422,5.338294034290237,-4.2378353979925105,0.023448404329949615,0.035558808873797844
baseline,C,usbesd,4,3.1676678971867585,0.014989006536564676,3.598848925671499,-3.350389128569631,0.016355287233911636,-0.18740368311270678
baseline,C,fullboard,4,3.2066780689121295,0.01724930542328731,3.4449956031175737,-3.3912292062555642,0.01822481885656638,-0.11652869975601288
baseline,D,samd,0,4.288735390646794,0.01641420292215184,4.935170899632164,-4.009869267643126,0.021440758024132128,-0.10102817516796196
baseline,D,atmega,0,4.832340337184183,0.020180056764757894,6.646069766830752,-4.64498653380439,0.022071258926848632,0.31201821429849586
baseline,D,3v3reg,0,4.836059618714311,0.020465853910349958,6.402719706731321,-4.578814474078449,0.020302971604943036,0.24218772322582913
baseline,D,buck,0,4.591270722410088,0.019374320442764322,5.811509071694015,-4.358369060526476,0.019493690089693535,0.21771353128532098
baseline,D,usbesd,0,3.6794150086580477,0.01424397392659504,4.166686461320616,-3.42979713474509,0.013453470970890165,-0.012386113459433374
baseline,D,fullboard,0,3.6974733725227953,0.016281982286919634,4.011142005813004,-3.5944623939387563,0.01535112616233525,0.05316017114624396
baseline,D,samd,1,4.604671336402038,0.018356599103098975,5.07535978495439,-4.090420291511519,0.021185107488379436,0.12442567257709473
baseline,D,atmega,1,4.826646994806664,0.019517845274543456,6.693021802591329,-4.732277033602444,0.018261092590052968,0.1192365486831699
baseline,D,3v3reg,1,4.738029916826427,0.020520174783260743,6.2390137616241725,-4.54134951967454,0.019324704460985543,0.07105621451474341
baseline,D,buck,1,4.603636073262806,0.020603602963055856,5.619686909680384,-4.410560878100017,0.018884004596021162,0.12287119715608505
baseline,D,usbesd,1,3.5594757837484288,0.015482100896607837,3.932375767842889,-3.4691078539259386,0.014259312616189408,0.0003415455702896867
baseline,D,fullboard,1,3.666362120149322,0.01660253288463053,3.900956120349863,-3.6570102963667597,0.015296638109233922,0.016905776627908695
baseline,D,samd,2,4.511054374450651,0.01816964999183256,4.997928881369775,-3.548377476550636,0.019751223455529963,0.42238829656536664
baseline,D,atmega,2,4.765773249189978,0.021847371761737015,6.513102186900533,-4.616047024201527,0.0197580043601744,0.1399035868160117
baseline,D,3v3reg,2,4.718481753167973,0.020559157009505235,6.175699469837753,-4.491789495998809,0.020185047845201046,0.13431796893133333
baseline,D,buck,2,4.565643373595328,0.02052971823124805,5.623823465015696,-4.335718275976326,0.020620993858578265,0.20567488904380796
baseline,D,usbesd,2,3.6430572390465983,0.014653324137144933,4.01740131678865,-3.4479862022032215,0.014877407291527641,0.0021190043085062174
baseline,D,fullboard,2,3.655653400140716,0.016461763531882837,3.8717277238588874,-3.572344311262653,0.016615281517120512,0.07397733850507227
baseline,D,samd,3,4.28615633589195,0.01477294050316957,4.857669535612168,-3.7600286733696873,0.02291377545362564,0.1664392179887953
baseline,D,atmega,3,4.655858137074747,0.017643237031330257,6.5866738697877505,-4.7533348704997795,0.020165729756339703,0.1066043894442804
baseline,D,3v3reg,3,4.630077960280202,0.018187112303957295,6.278316505600969,-4.616459518912328,0.02025308392666488,0.1297885356412963
baseline,D,buck,3,4.48340579350456,0.018528265840761348,5.631533592698873,-4.466895054958165,0.020336553309807874,0.0960556207500915
baseline,D,usbesd,3,3.5834968307181305,0.013148170239886896,4.039283371520278,-3.4576636300068198,0.015698280240406485,0.059953355018651115
baseline,D,fullboard,3,3.643083496293295,0.014241894474093852,3.950754959530522,-3.6385937418831222,0.017079755929410197,0.08969959202914113
baseline,D,samd,4,4.023312182508895,0.0204479788813164,4.443478962652137,-3.5427774202890787,0.02321315598987319,0.05495450632693128
baseline,D,atmega,4,4.535624177451732,0.023351103398883764,6.145406685342121,-4.462174472989061,0.021093188903185442,-0.008801932129076465
baseline,D,3v3reg,4,4.428408474042492,0.023057027220690734,5.726607646565669,-4.167617171732267,0.0209955067089841,0.03869787390168236
baseline,D,buck,4,4.200698171991703,0.023289868213610374,5.0628356404714205,-4.053642581604851,0.021174153105972295,0.0006983543749599754
baseline,D,usbesd,4,3.1597702026850945,0.017181148488485506,3.514879517645093,-3.10782464392228,0.01566270334831562,-0.05997772495848766
baseline,D,fullboard,4,3.2947286092539305,0.01850316773354687,3.3947356346190323,-3.2845056598807987,0.016819550330932825,-0.08237874691969133
baseline,E,samd,0,4.408546955454553,0.018311129307799337,4.887734090877359,-3.8831827194502018,0.02240112108548285,0.08100136884191239
baseline,E,atmega,0,4.574087160142454,0.02091773030021692,6.326612252464127,-4.46155165390896,0.02118712260486547,0.08408143810152746
baseline,E,3v3reg,0,4.690008891892336,0.02068275657635113,6.215302108036688,-4.4967960286579105,0.020402594502891874,0.10894824829120281
baseline,E,buck,0,4.534310504959535,0.0207541307429362,5.639865902867252,-4.460427886626501,0.020194047711216852,0.06368271378616812
baseline,E,usbesd,0,3.648776762049023,0.014757651941111827,3.8783319087242196,-3.518447905495847,0.01531468365340147,-0.17514749382930045
baseline,E,fullboard,0,3.541470726421502,0.01701264784698555,3.743100837546597,-3.4961981148080614,0.016733424074299442,-0.03817901068863031
baseline,E,samd,1,4.45363343862672,0.017823154256205894,4.78871243432226,-3.9893268935906203,0.02117574869909605,-0.18343360081661778
baseline,E,atmega,1,4.605371911004416,0.021508979426044284,6.302688431449816,-4.448946590947738,0.021047761722944897,0.05009522644511849
baseline,E,3v3reg,1,4.7003124456294065,0.021221491258887396,6.119889037625815,-4.489402167071514,0.020175552915329808,0.035253790319254005
baseline,E,buck,1,4.548974883748131,0.020586736187323554,5.587265800012066,-4.421496864362317,0.019973039631516604,0.04601784914044918
baseline,E,usbesd,1,3.7608690247789545,0.014862950119820877,3.9201363331228594,-3.246330577655382,0.016069777282131617,0.10910119630992678
baseline,E,fullboard,1,3.608619147578256,0.016755340570003455,3.768820170441854,-3.4977112936155597,0.016644898253244653,-0.02998709419109119
baseline,E,samd,2,4.547603313291218,0.023168803382766237,4.959208452029837,N/A,N/A,N/A
baseline,E,atmega,2,4.622768812126329,0.029825683334643378,6.052150651369477,N/A,N/A,N/A
baseline,E,3v3reg,2,4.747898192392456,0.028155373280413967,5.938047934952612,N/A,N/A,N/A
baseline,E,buck,2,4.597899550643801,0.0271888528018961,5.487028400810914,-14374.688422683601,9.58215552315036e-07,-14368.44098426131
baseline,E,usbesd,2,3.670653172943388,0.015087131190566481,3.9431198936490093,0.1072457337608186,0.21727377664767977,3.5392187629021543
baseline,E,fullboard,2,3.5890869836783534,0.020673937140041055,3.7356029155327612,0.045954648065319216,0.18197612933233953,3.6000770064819783
baseline,E,samd,3,4.649352970411671,0.01805110400070528,5.293231235826036,-4.187412673206142,0.02067130053558794,0.2279186159604
baseline,E,atmega,3,4.644673651671682,0.02002900301888785,6.456659497504519,-4.467774098763176,0.020097438995282678,0.19410793647027563
baseline,E,3v3reg,3,4.763396278678405,0.019688057843510756,6.3310648983815305,-4.491794768443521,0.019447603071722143,0.23947013967453457
baseline,E,buck,3,4.655834439925196,0.0199011243199408,5.781438457234523,-4.447581728345302,0.019543377954777584,0.23365015908778386
baseline,E,usbesd,3,3.8627991031138627,0.013973707737005497,4.277078674215644,-3.6483030063285757,0.014152907693713244,0.06235838971252426
baseline,E,fullboard,3,3.653928865935819,0.016043428339031007,3.8817405521177797,-3.5484863950315555,0.01571931171976147,0.054805354662069955
baseline,E,samd,4,4.286165232151379,0.02003168228970765,4.913130312853381,-3.9227346104757728,0.021642207607267313,0.11503335925103843
baseline,E,atmega,4,4.4628610829990505,0.021642628242804197,6.164679833418637,-4.331302413738814,0.02307283452340647,0.1834887294772101
baseline,E,3v3reg,4,4.5315322795179345,0.020433760460608456,6.0413892511624185,-4.226402021935528,0.020459328776484147,0.1864842111927493
baseline,E,buck,4,4.386379553462465,0.021365418119197403,5.548322845310747,-4.12966059658901,0.02055405875573408,0.1714508375787938
baseline,E,usbesd,4,3.421359686087782,0.0158036376539643,3.737027216943585,-3.309473864046931,0.014899409454929617,-0.11187142565723147
baseline,E,fullboard,4,3.3837585214010653,0.016689817787554143,3.620386509783116,-3.3151259481546758,0.016561653077136362,0.03614066096766386
microphone,A,samd,0,3.6170358455844323,0.037171955807104605,3.8784573508821643,-3.2197083527191888,0.03667814514736646,0.08150040797615161
microphone,A,atmega,0,3.495302617295635,0.03891418168358213,4.5938638471247915,-3.279883557341315,0.03680809753166346,0.1445633406351805
microphone,A,3v3reg,0,3.5223345812757487,0.03904865024034212,5.026545760936194,-3.5093402194496797,0.0413260006076829,0.11218575668990413
microphone,A,buck,0,3.767457219322897,0.04077894412756711,4.295971586955105,-3.3590498021959454,0.048833009638069864,0.30315318750214226
microphone,A,usbesd,0,2.4698935432654863,0.02760839953367077,2.7396613999971966,-2.3224574110369107,0.030088656534076243,0.11465463701830649
microphone,A,fullboard,0,2.4908571207176324,0.03216391229356986,2.531911115366773,-2.3415388474404004,0.029975611848887543,0.07126323002947721
microphone,A,samd,1,3.489617259448044,0.035386793730698446,3.9322234245146834,-3.2627763991778025,0.03480025188327732,0.12971313492160064
microphone,A,atmega,1,3.3134561161702867,0.03279155464677778,4.557318214866398,-3.2925743766453435,0.03324956903622984,0.08416275215814066
microphone,A,3v3reg,1,3.39528414624711,0.03264477307724111,5.0518759455192415,-3.547598021905349,0.04202713408938471,0.1994739536035807
microphone,A,buck,1,3.449510204642663,0.03451380109814286,3.9625903933121283,-3.156463973675199,0.039425473346673096,0.01642625911623618
microphone,A,usbesd,1,2.3734637622265806,0.022983337119851784,2.6522348931016326,-2.391423666972311,0.02551280398858412,-0.03200189380862597
microphone,A,fullboard,1,2.3747586592386125,0.025913400407260666,2.5294075181557782,-2.3387050556726185,0.02860460049750322,0.09501991704375416
microphone,A,samd,2,3.4714207872370806,0.02945946535189764,3.9782181156895904,-3.275240950963929,0.030212056371124115,0.01173925648791188
microphone,A,atmega,2,3.3248693462013374,0.03049089969444181,4.668211439238409,-3.3536029913346055,0.029628061439139215,0.04257967392137921
microphone,A,3v3reg,2,3.3047147197106166,0.031689248006649615,4.957543443524453,-3.449643860854495,0.034126263100281724,0.01514393925710506
microphone,A,buck,2,3.527887688599415,0.03305421352010625,4.275907935245811,-3.2145147781682843,0.03460580911179978,0.190899107883648
microphone,A,usbesd,2,2.4740002729969492,0.022685014537790094,2.8302772057272514,-2.4171032131716768,0.02219032289855505,0.022265210416713716
microphone,A,fullboard,2,2.4512845422336826,0.024959262981354105,2.6255050970036042,-2.423893921770191,0.02298382832338363,-0.005065890290804995
microphone,A,samd,3,3.4037446743742676,0.032641862720602634,3.9286432985481397,-3.1996709336766296,0.03791263378074961,0.1699704948975632
microphone,A,atmega,3,3.4091376227379317,0.032739345062526175,4.648857558082599,-3.2944250294838193,0.03719585701360407,0.14230629242073348
microphone,A,3v3reg,3,3.4732255211826506,0.033350863739587,5.073357857906528,-3.4805301534152466,0.04278793286216151,0.18303777421316422
microphone,A,buck,3,3.6360606230824724,0.03759243353122345,4.187124591551106,-3.27232188381695,0.04427601011926757,0.17200174341750823
microphone,A,usbesd,3,2.4604389538376155,0.02609776098871322,2.8338152075889873,-2.3077221481107606,0.029422038807333916,0.21413244982470872
microphone,A,fullboard,3,2.489101844090385,0.028973268588892126,2.6140783772934904,-2.3332766140200496,0.030789950990654336,0.16645930944585371
microphone,A,samd,4,3.103058968514861,0.03492100640366906,3.370863874213349,-2.7097498038537475,0.03774444615698679,0.07996847455845166
microphone,A,atmega,4,3.2421670813672483,0.0374877967825562,4.0712256966090195,-3.0592155077891836,0.05231368921772156,0.2328358323081421
microphone,A,3v3reg,4,3.3152226580443855,0.038083292865007265,4.560769138032683,-3.300485780106518,0.04819279856273125,0.261985593776447
microphone,A,buck,4,3.5631715645463413,0.041429924036143685,4.0049884051873885,-3.2531791256222844,0.04151974245952307,0.12135812607358948
microphone,A,usbesd,4,1.939526253047152,0.02803920291304219,2.1273637701438597,-1.9842647694242135,0.03302851022856838,0.09236960795703186
microphone,A,fullboard,4,2.289498788853859,0.030121018337816104,2.3994395251916316,-2.249990615744487,0.03218929644156817,0.14958765413618308
microphone,B,samd,0,3.82398382115358,0.039326412893202906,4.0273683899437,-3.339099460484176,0.03467141244781269,0.09326114533035583
microphone,B,atmega,0,3.768687961781896,0.05293609201219558,4.640748607936886,-3.3772352025494867,0.03751178737192855,0.1383679838690725
microphone,B,3v3reg,0,4.201536764260113,0.045907165627653776,5.085660939908021,-3.46637834794829,0.03930544095707117,0.17953708024318935
microphone,B,buck,0,3.8241438869802056,0.040029127840068984,4.390015278169837,-3.533030464295288,0.0455885678147647,0.1583841099779349
microphone,B,usbesd,0,2.5328649313082345,0.027744812909209604,2.79293382030275,-2.2731153788676153,0.02734867374906786,0.1524900158782602
microphone,B,fullboard,0,2.553530171118925,0.03207463370768988,2.5906617955050377,-2.321981740745415,0.029542592702307278,0.12496010419188779
microphone,B,samd,1,3.6276588666848038,0.0373303745156321,3.964712969144958,-3.2748825553428165,0.04345599386321613,0.20272311708534554
microphone,B,atmega,1,3.5375456461526755,0.052145275121753036,4.374515319065367,-3.302421482200141,0.05593346694066105,0.216087167496591
microphone,B,3v3reg,1,4.1201080235810625,0.04496407809084516,4.940797705938547,-3.483200202807218,0.05237965804960372,0.21040914181078074
microphone,B,buck,1,3.777612450650401,0.04127987079505971,4.278125903612151,-3.537859523008623,0.05853191106667743,0.23058963810568658
microphone,B,usbesd,1,2.2985551337192636,0.027503469661068414,2.2684431224683212,-1.8992463498858096,0.04108041036811384,0.07881755776782119
microphone,B,fullboard,1,2.4484679668702394,0.034062414796695244,2.5022069306328403,-2.2512432359216064,0.03773337345689784,0.23320830170467702
microphone,B,samd,2,3.6166094858056153,0.03631664537603253,4.009660145532904,-3.3376546695066276,0.03622867905692444,0.12979811164525387
microphone,B,atmega,2,3.525701619443756,0.04929889119747348,4.507791521917737,-3.344942097762053,0.03792490274873855,0.06398742234542067
microphone,B,3v3reg,2,3.9603835869169224,0.042835516955237816,4.843035076459017,-3.410597287240916,0.03981026160026542,-0.009817035016126173
microphone,B,buck,2,3.651798396741106,0.03847316224022053,4.210092139893436,-3.3958262485408572,0.04436728898529309,0.04126298385998356
microphone,B,usbesd,2,2.283460411180711,0.025438873529025973,2.401298324383437,-2.1451586427257014,0.030566237710038007,-0.06653704580083761
microphone,B,fullboard,2,2.396455241422218,0.029855398160252795,2.533552832175326,-2.3794393624484633,0.029319320538935333,0.0678778984686033
microphone,B,samd,3,3.5730068405901645,0.03763764611675475,3.8552869958364915,-3.3179808653917644,0.038792005213480356,0.11741494164226626
microphone,B,atmega,3,3.570076854054487,0.05161738150887725,4.357484105981301,-3.3362196019188546,0.04028212663418056,0.02875134289813385
microphone,B,3v3reg,3,4.09128889306787,0.04593448388202918,4.875783390248778,-3.4567639031020696,0.04197279960489585,0.12055426659154453
microphone,B,buck,3,3.751109621495862,0.041028363562213156,4.152648910030949,-3.4182361763269675,0.05189992920399959,0.16602087476701713
microphone,B,usbesd,3,2.337379253819136,0.027422346832235187,2.3614812851318576,-2.037097500571689,0.03015851584644456,0.007749787475426196
microphone,B,fullboard,3,2.411774870847154,0.032594348923067326,2.4316476645157743,-2.3281628904975276,0.031411911897584285,0.06709597830580623
microphone,B,samd,4,3.1239806873923053,0.044291661252207605,3.266008265167043,-2.674689310637571,0.03857210832675401,-0.038538868886149304
microphone,B,atmega,4,3.5278981208292426,0.08128872321401044,3.91390978543873,-3.0528791140693152,0.04551852387385748,-0.056091143811780854
microphone,B,3v3reg,4,3.7535302345186254,0.05566213156218895,4.165604981472714,-3.1584367364352715,0.045956807706725396,-0.20620868034649456
microphone,B,buck,4,3.544411034430765,0.05012704992281772,3.80450145032019,-3.1892274481477916,0.04176991283546409,-0.20236324972792735
microphone,B,usbesd,4,1.972940788268197,0.030667666641452103,2.1256919324726846,-2.0830496282020063,0.027595156739472628,-0.28603572407915734
microphone,B,fullboard,4,2.080280460815526,0.039684519028049405,2.061798383105707,-2.1383021736502403,0.02934751315932316,-0.19297273107669063
microphone,C,samd,0,3.646309174656894,0.03308565302810482,4.126035922155298,-3.4595572897160105,0.03524380879005122,0.11754077041081848
microphone,C,atmega,0,3.516726760051808,0.03547582110239319,4.841438703609866,-3.591150821071809,0.036197249239525185,0.1780435086380287
microphone,C,3v3reg,0,4.196135781014235,0.040047143315275424,5.162301432795865,-3.637788889024365,0.041427964718087,0.13517042874310112
microphone,C,buck,0,3.8455200374551586,0.03691146658198082,4.396385570741481,-3.6049876792538327,0.041067976653516344,0.03321547857227421
microphone,C,usbesd,0,2.331232688745457,0.02183727795055464,2.343474033003201,-2.1519573631966753,0.023486301099222666,-0.2942959420535252
microphone,C,fullboard,0,2.55165965822431,0.028091342828459015,2.680790147761932,-2.5388152337415666,0.027551477435581603,0.0666830507318401
microphone,C,samd,1,3.7615575925787224,0.03506417788621984,4.102886899808739,-3.3870814698234843,0.03476460878646589,0.1117230007179059
microphone,C,atmega,1,3.5667450247380037,0.03912234957058349,4.707326018121417,-3.6281900173839667,0.03527639348170328,-0.0048407715102953604
microphone,C,3v3reg,1,4.277298393547493,0.0427420087510405,5.165600549964514,-3.6802782196012727,0.03968568621886782,0.06022452368784157
microphone,C,buck,1,3.9439280659983025,0.03923153719987072,4.586555706401095,-3.6861176361319243,0.04113497767619974,0.1349346279056952
microphone,C,usbesd,1,2.5574720608716732,0.02687666849997313,2.707112737606634,-2.4429244019506076,0.027874613329899343,-0.038277048532754834
microphone,C,fullboard,1,2.6151890411267096,0.031047867373460394,2.695917324385731,-2.554602244517383,0.030359430317419337,0.09659273558889842
microphone,C,samd,2,3.6901946766597895,0.03479447469199462,4.09429444402025,-3.2937193219717957,0.031994355260387124,0.09214351604840203
microphone,C,atmega,2,3.5958064695930667,0.03751661373791044,4.786296508345731,-3.4498701101964633,0.03242494299447719,0.06774122102195382
microphone,C,3v3reg,2,4.330388080002645,0.04166616307436564,5.272683672880681,-3.6218514988771346,0.035954590954626234,0.08138325849832816
microphone,C,buck,2,3.9540771595171673,0.03845384782234378,4.541158386864711,-3.5337246765290025,0.03815736113694742,0.13473828694360196
microphone,C,usbesd,2,2.579168832149446,0.02664250064905341,2.8192669621065125,-2.3365379765576,0.02388366263545194,0.051109217975594444
microphone,C,fullboard,2,2.6253897853966857,0.030120540570835234,2.6732496510670907,-2.416429062360312,0.024695854502157374,0.019422216676460678
microphone,C,samd,3,3.8821991197385186,0.03518954051821481,4.259940263889071,-3.5448234828573555,0.03684884781762211,0.183881526548212
microphone,C,atmega,3,3.762545553396978,0.037301531238046436,5.010738650551672,-3.7430733817475796,0.037321585146098395,0.1816226415576943
microphone,C,3v3reg,3,4.545783027287698,0.04405945840415649,5.412194867860689,-3.8124793880955115,0.04242638877991148,0.2562674078716429
microphone,C,buck,3,4.120648336600366,0.03961233933466529,4.6243962720397125,-3.7900111909592145,0.043754745572022885,0.16572896773140552
microphone,C,usbesd,3,2.5727029192550432,0.0267898728686034,2.6418254095946474,-2.346222035384529,0.032925942883417894,0.036523178362722605
microphone,C,fullboard,3,2.746946774035214,0.031035361293622592,2.802066978236313,-2.5962925338362948,0.031138281893519765,0.1631856335723892
microphone,C,samd,4,2.9887232567586355,0.040657907215299036,3.1527472729403985,-2.678453075152011,0.04511872986025832,-0.10225071059137214
microphone,C,atmega,4,3.1506879853126386,0.05747061602546138,3.9343938724340837,-3.016538950144513,0.057762757556961586,0.02705704485916093
microphone,C,3v3reg,4,3.49795621723581,0.049451635832686566,4.1389233612123215,-3.0165678862102934,0.047809224377513726,0.013985899117343431
microphone,C,buck,4,3.2944067295973505,0.046023356705173116,3.7383049409909654,-3.032395890706891,0.045809875544830736,-0.04324638555185221
microphone,C,usbesd,4,2.004233487569553,0.03074600216663719,2.0215602798611294,-1.8560213289722276,0.029060744652276073,-0.10989261493134275
microphone,C,fullboard,4,2.0442414299640754,0.03718925722347325,2.1141533732438513,-2.0543365119664507,0.0339918768297205,-0.03345978622889693
microphone,D,samd,0,3.5441175636400533,0.03985796162306084,3.410838018563118,-3.0128179269101945,0.01756851879202877,-0.676800960049771
microphone,D,atmega,0,3.472743334365373,0.04694873089965525,4.44508052473612,-3.307397605898764,0.03947683891267719,0.09464005464039447
microphone,D,3v3reg,0,3.5162959774712954,0.0423125765322917,4.867653555691468,-3.456392397289894,0.03603846473917573,0.002753518404857649
microphone,D,buck,0,3.798080513023375,0.046405610966518976,4.295704856798948,-3.484673613206109,0.044020760946706865,0.1436358230537385
microphone,D,usbesd,0,1.8302268397805292,0.020802720715411945,1.9877440021899526,-1.814842206387361,0.027565648392488436,-0.16013268071118744
microphone,D,fullboard,0,2.40020718292615,0.03480445332159238,2.480308291259525,-2.353472590819098,0.027213647556286198,0.023042269695948414
microphone,D,samd,1,3.629657130798554,0.031682644712833254,3.7860066745664303,-3.287753678856213,0.03909386142559721,-0.14234994633224712
microphone,D,atmega,1,3.4457958826787736,0.03332115544503654,4.5597597548331565,-3.336064020120388,0.05001259588527926,0.24855080685788933
microphone,D,3v3reg,1,3.579209684444324,0.03376113966358448,5.139244913968516,-3.491861000242928,0.04447094231427857,0.2201525789136439
microphone,D,buck,1,3.822261182718649,0.035955035543610805,4.443419140703099,-3.575667583600615,0.04728011578432089,0.15338366313631635
microphone,D,usbesd,1,1.9888815824313277,0.016622512060263522,2.0275576042675496,-1.7680692669465161,0.03789262224821404,-0.22912086143919155
microphone,D,fullboard,1,2.518260283817515,0.026480351768855822,2.647278114888543,-2.333942745195245,0.03282624881988101,0.1658901030173254
microphone,D,samd,2,3.5983554112806946,0.03674810548301377,4.070696114553853,-3.2632918532719444,0.037304274269821816,0.1964882582328017
microphone,D,atmega,2,3.3662649560335853,0.03640863975085516,4.443879855686495,-3.2540329245465265,0.03892444565321636,0.03494944226638024
microphone,D,3v3reg,2,3.490129316201064,0.038117469472046805,5.017457233338667,-3.4477214377063357,0.0424269489627779,0.1451411655415488
microphone,D,buck,2,3.7363481938694427,0.04097865171006222,4.36920226122577,-3.427449756070326,0.039184732774570116,0.06467254841065322
microphone,D,usbesd,2,1.865821838425764,0.023116777712341562,2.1704653026282448,-1.7576352322937046,0.02860790611070545,0.01387847930408813
microphone,D,fullboard,2,2.4245822131956256,0.030384467878691753,2.580157304488575,-2.2917024335359897,0.027937240279402906,0.10207963260278519
microphone,D,samd,3,3.442882372646385,0.030636595879741105,4.096039791234502,-3.3992230332165576,0.04108960295914415,0.29235789865611567
microphone,D,atmega,3,3.287232017911276,0.032623319471668986,4.480532147401965,-3.368991708071541,0.042357591328064034,0.18784524265689814
microphone,D,3v3reg,3,3.392341662580359,0.03171206404567947,5.020673517013275,-3.6165762481141526,0.045520762766190506,0.19924248458531751
microphone,D,buck,3,3.6437538745387723,0.03486560764073173,4.4299619845860825,-3.6051276598076467,0.047214480200018914,0.2523717658095841
microphone,D,usbesd,3,1.945848974518827,0.020506350168822813,2.3471726334553606,-2.000190206593005,0.030434113610972563,0.15251679617523334
microphone,D,fullboard,3,2.387538451642191,0.024153865602116714,2.670511200776573,-2.393343925831842,0.0322142282175043,0.22696955129321583
microphone,D,samd,4,3.0786710069123338,0.049984612334519216,3.0649004507649633,-2.622890946546748,0.04785526410444289,0.03468736425463335
microphone,D,atmega,4,3.211748821970914,0.05538430857606095,3.8920235676408863,-3.1701853363445363,0.05245695600498509,-0.009042347824659049
microphone,D,3v3reg,4,3.1703840062059303,0.04687336698367423,4.4567492433160805,-3.5195273048371543,0.05068969229640943,-0.05575319305080472
microphone,D,buck,4,3.5110888891090073,0.052392518685298435,3.8767801786497533,-3.3424431021704053,0.04782785462569412,-0.08327285586385944
microphone,D,usbesd,4,1.6179307154821296,0.03724606648735721,1.766194278669107,-1.8255574219099373,0.03521762796199478,-0.09281088482985671
microphone,D,fullboard,4,2.098447120321411,0.04023708802100534,2.119870135206841,-2.2093543224144576,0.035607584445699884,-0.08789191344174792
microphone,E,samd,0,3.5627743270487238,0.039509523377431036,3.7340775816701637,-2.953400132457852,0.035163459626761685,0.14018054507562872
microphone,E,atmega,0,3.395064271048867,0.04445452121204053,4.476147544564984,-3.2576718571723644,0.03265852847497072,-0.0858506443070358
microphone,E,3v3reg,0,3.969953177906396,0.04668628019096868,4.754981617147187,-3.492507178443835,0.03600013149355243,-0.1614893559456108
microphone,E,buck,0,3.8514009623248606,0.04457912637752593,4.318762117361254,-3.16685368705017,0.039942917206549064,0.09710186601829077
microphone,E,usbesd,0,1.3671631965960234,0.035146141661215664,1.381015709321475,-1.3205953748416008,0.022328649140643763,-0.21157026624341813
microphone,E,fullboard,0,2.398070119646678,0.03552184022971606,2.3839351305350234,-2.2739801014543537,0.02513802337264129,-0.12017483733161938
microphone,E,samd,1,3.414767842948671,0.03305361830941577,3.668950999939486,-2.9546057099905054,0.041740768248920174,0.12049776314897358
microphone,E,atmega,1,3.3476819479515747,0.036584129758262904,4.246511078538139,-3.4482978720588537,0.04397079863104537,-0.10775040895818455
microphone,E,3v3reg,1,4.028161017027093,0.03951793461806081,4.992786541638032,-3.7186730186507213,0.03964060655853505,0.07023535965776292
microphone,E,buck,1,3.8536996518284337,0.03772251839324665,4.315895276990605,-3.5989721935996584,0.041875914025607586,-0.0324627737801655
microphone,E,usbesd,1,2.439362178251814,0.026765404805990076,2.6794989263766578,-2.4140146483172744,0.029777534686648892,0.08671836194301419
microphone,E,fullboard,1,2.5028116834657865,0.03174208001473934,2.55285479044343,-2.5282804528352383,0.029761812662062476,-0.003259155000879953
microphone,E,samd,2,3.4893270243683947,0.033235455090904746,4.035179898929393,-3.2557979905889844,0.031312271006563495,0.181852883027762
microphone,E,atmega,2,3.2622811757146364,0.03141397899918882,4.371520133887258,-3.1222956122342342,0.03950483502367813,0.20568197805478639
microphone,E,3v3reg,2,3.919994421237649,0.03751939013368622,4.924813108862102,-3.3990778475444996,0.0339397728552004,0.1627251815234967
microphone,E,buck,2,3.852317026238328,0.03600213038900533,4.518527146180789,-3.3674039644769453,0.04002302847043445,0.2661269957859374
microphone,E,usbesd,2,2.3895131605820166,0.022018889449498716,2.652827622601815,-2.2062574292121098,0.02404999046312636,0.1167680903797493
microphone,E,fullboard,2,2.47671348166236,0.02613263561785715,2.650100725047934,-2.3696613846131287,0.025833338086409956,0.14764510900111294
microphone,E,samd,3,3.395663626173737,0.03550640663862109,3.891242465030914,-3.5415150258652672,0.03846018600074301,-0.0029893099184902
microphone,E,atmega,3,3.2807668505188534,0.03372838341843113,4.358231676686628,-3.582167881474474,0.04084022294630254,-0.15424240530951502
microphone,E,3v3reg,3,3.8984488622715068,0.03885433779983574,4.88274100104108,-3.742380659024761,0.04115404295247624,0.008885296150996945
microphone,E,buck,3,3.7958002349846596,0.038430993360741086,4.286496362955135,-3.6379893993958095,0.043574439225256785,-0.0635888413600522
microphone,E,usbesd,3,2.391402381132183,0.025278642762978958,2.6034417211943364,-2.436279151618192,0.031106493273742607,0.006671119403707937
microphone,E,fullboard,3,2.432075308622392,0.028688358958366415,2.521426217236231,-2.5965733294519735,0.03189328313360804,-0.040208562811941774
microphone,E,samd,4,3.070712356112604,0.03588323589249474,3.5285342508887454,-3.2392465166883477,0.04258845183419162,-0.20616145894043358
microphone,E,atmega,4,2.8648434452870477,0.03357306405881445,3.931900358763758,-3.264457032460908,0.05004937197029527,-0.13166203640100685
microphone,E,3v3reg,4,3.669151298267938,0.04167643315863388,4.539423719632588,-3.507220212609408,0.04394553218857336,-0.18255195650691397
microphone,E,buck,4,3.4545202396099763,0.0385258262606051,4.017576292974634,-3.3777720857833926,0.040205066232591555,-0.21683736358524497
microphone,E,usbesd,4,1.6933261953304672,0.021629187228768252,1.9715400518995243,-1.9443526744380097,0.027234157910569236,-0.14462449783420578
microphone,E,fullboard,4,2.055496937248413,0.027771052722110046,2.2346428585241296,-2.339141595474593,0.03145233898487192,-0.1586674577565647
